title,dupes
Women Rectangle Sunglasses • Style 3276,18
Women Cateye Sunglasses • Style 2122,18
Women Cateye Sunglasses • Style 8620,18
Women Cateye Sunglasses • Style 6849,17
Women Rectangle Sunglasses • Style 6833,17
Women Rectangle Sunglasses • Style 7435,17
Women Cateye Sunglasses • Style 3395,17
Women Cateye Sunglasses • Style 2041,16
Women Rectangle Sunglasses • Style 4968,16
Women Rectangle Sunglasses • Style 3717,16
Women Rectangle Sunglasses • Style 5743,16
Women Cateye Sunglasses • Style 5961,16
Women Cateye Sunglasses • Style 3323,16
Women Cateye Sunglasses • Style 1372,16
Women Cateye Sunglasses • Style 4034,16
Women Cateye Sunglasses • Style 1247,16
Women Cateye Sunglasses • Style 1499,16
Women Rectangle Sunglasses • Style 7247,16
Women Rectangle Sunglasses • Style 8931,16
Women Rectangle Sunglasses • Style 5477,16
Women Rectangle Sunglasses • Style 9483,16
Women Cateye Sunglasses • Style 8617,16
Women Rectangle Sunglasses • Style 4421,15
Women Cateye Sunglasses • Style 1057,15
Women Rectangle Sunglasses • Style 4508,15
Women Cateye Sunglasses • Style 5921,15
Women Rectangle Sunglasses • Style 2535,15
Women Cateye Sunglasses • Style 3541,15
Women Rectangle Sunglasses • Style 4195,15
Women Cateye Sunglasses • Style 3687,15
Women Cateye Sunglasses • Style 3482,15
Women Cateye Sunglasses • Style 5465,15
Women Rectangle Sunglasses • Style 4635,15
Women Cateye Sunglasses • Style 6233,15
Women Rectangle Sunglasses • Style 3792,15
Women Rectangle Sunglasses • Style 5798,15
Women Rectangle Sunglasses • Style 6108,15
Women Rectangle Sunglasses • Style 3535,15
Women Cateye Sunglasses • Style 4965,15
Women Rectangle Sunglasses • Style 3493,15
Women Rectangle Sunglasses • Style 1827,15
Women Cateye Sunglasses • Style 4739,15
Women Rectangle Sunglasses • Style 5251,15
Women Rectangle Sunglasses • Style 5145,15
Women Cateye Sunglasses • Style 5154,15
Women Cateye Sunglasses • Style 2930,15
Women Rectangle Sunglasses • Style 3290,15
Women Cateye Sunglasses • Style 4460,15
Women Rectangle Sunglasses • Style 1432,15
Women Cateye Sunglasses • Style 2162,15
